filename	url	license	attribution	notes
848472__elevatorfan2020__vintage-debris-smash.mp3.mp3	https://freesound.org/s/848472/	CC0	elevatorfan2020 (https://freesound.org/people/elevatorfan2020/)	
848363__matustrm__sfx_reward.wav.wav	https://freesound.org/s/848363/	CC0	matustrm (https://freesound.org/people/matustrm/)	
846270__cat-fox_alex__glitch-snare-1.flac.flac	https://freesound.org/s/846270/	CC0	cat-fox_alex (https://freesound.org/people/cat-fox_alex/)	
844241__atp2-kh__bubbling-water-notification-ui-alert-cc0.wav.wav	https://freesound.org/s/844241/	CC0	atp2-kh (https://freesound.org/people/atp2-kh/)	
844143__mihacappy__sfx_start_generic_lessreverb.wav.wav	https://freesound.org/s/844143/	CC0	mihacappy (https://freesound.org/people/mihacappy/)	
840213__anskukisu64__picking-up-keys.wav.wav	https://freesound.org/s/840213/	CC0	anskukisu64 (https://freesound.org/people/anskukisu64/)	
834495__cvltiv8r__sci-fi-glitch-sweep-alarm-burst.wav.wav	https://freesound.org/s/834495/	CC0	cvltiv8r (https://freesound.org/people/cvltiv8r/)	
833690__cat-fox_alex__chinese-opera-sfx-4.flac.flac	https://freesound.org/s/833690/	CC0	cat-fox_alex (https://freesound.org/people/cat-fox_alex/)	
833630__nomagician__success-sound-effect.mp3.mp3	https://freesound.org/s/833630/	CC0	nomagician (https://freesound.org/people/nomagician/)	
832555__srirachasocks__creaky-door-in-dorm.m4a.m4a	https://freesound.org/s/832555/	CC0	srirachasocks (https://freesound.org/people/srirachasocks/)	
832418__kodshin__bubble-button.wav.wav	https://freesound.org/s/832418/	CC0	kodshin (https://freesound.org/people/kodshin/)	
829803__cat-fox_alex__retro-game-explosion-2.flac.flac	https://freesound.org/s/829803/	CC0	cat-fox_alex (https://freesound.org/people/cat-fox_alex/)	
828091__audiopapkin__sound-design-elements-impact-sfx-ps-122.wav.wav	https://freesound.org/s/828091/	CC0	audiopapkin (https://freesound.org/people/audiopapkin/)	
828090__audiopapkin__sound-design-elements-impact-sfx-ps-121.wav.wav	https://freesound.org/s/828090/	CC0	audiopapkin (https://freesound.org/people/audiopapkin/)	
828088__audiopapkin__sound-design-elements-impact-sfx-ps-119.wav.wav	https://freesound.org/s/828088/	CC0	audiopapkin (https://freesound.org/people/audiopapkin/)	
828086__audiopapkin__sound-design-elements-impact-sfx-ps-117.wav.wav	https://freesound.org/s/828086/	CC0	audiopapkin (https://freesound.org/people/audiopapkin/)	
826602__floomatic__duuwip.wav.wav	https://freesound.org/s/826602/	CC0	floomatic (https://freesound.org/people/floomatic/)	
826339__jadeh1204__bell-ring.wav.wav	https://freesound.org/s/826339/	CC0	jadeh1204 (https://freesound.org/people/jadeh1204/)	
824189__sadiquecat__pop-in-sfx.wav.wav	https://freesound.org/s/824189/	CC0	sadiquecat (https://freesound.org/people/sadiquecat/)	
823587__happypizzabread__game-ui-sfx-practice-2.wav.wav	https://freesound.org/s/823587/	CC0	happypizzabread (https://freesound.org/people/happypizzabread/)	
823182__happypizzabread__glissando_xylophone.wav.wav	https://freesound.org/s/823182/	CC0	happypizzabread (https://freesound.org/people/happypizzabread/)	
819684__hahavoid__haha-void-toilet-flushing-fx.wav.wav	https://freesound.org/s/819684/	CC0	hahavoid (https://freesound.org/people/hahavoid/)	
818998__allesyt__studio-grand-notification.wav.wav	https://freesound.org/s/818998/	CC0	allesyt (https://freesound.org/people/allesyt/)	
817400__chaos-kid__small-plastic-ruler-springing-against-table.wav.wav	https://freesound.org/s/817400/	CC0	chaos-kid (https://freesound.org/people/chaos-kid/)	
817398__chaos-kid__coach-whistle.wav.wav	https://freesound.org/s/817398/	CC0	chaos-kid (https://freesound.org/people/chaos-kid/)	
815493__xkeril__mechanical-switch-latch-02.wav.wav	https://freesound.org/s/815493/	CC0	xkeril (https://freesound.org/people/xkeril/)	
815147__annabax01q__tiiin-sfx.m4a.m4a	https://freesound.org/s/815147/	CC0	annabax01q (https://freesound.org/people/annabax01q/)	
815093__switchds__sfx-opening-path2.wav.wav	https://freesound.org/s/815093/	CC0	switchds (https://freesound.org/people/switchds/)	
814254__its-slava__strong_laser_shoot.wav.wav	https://freesound.org/s/814254/	CC0	its-slava (https://freesound.org/people/its-slava/)	
813273__annabax01q__magic-sound-effect.m4a.m4a	https://freesound.org/s/813273/	CC0	annabax01q (https://freesound.org/people/annabax01q/)	
813128__coolguy198__weird-sound.wav.wav	https://freesound.org/s/813128/	CC0	coolguy198 (https://freesound.org/people/coolguy198/)	
812784__vazdaz__short-car-alarm-stretched-version.wav.wav	https://freesound.org/s/812784/	CC0	vazdaz (https://freesound.org/people/vazdaz/)	
